"PID","Gender","Age","IQ","Education","Question","Value"
1,"F",31,127,"BA","Q1",5
2,"M",25,103,"high school","Q1",5
3,"M",36,119,"Masters","Q1",2
4,"F",34,115,"Grad school","Q1",1
5,"M",19,111,"Grad","Q1",2
6,"M",27,80,"phd","Q1",2
7,"F",25,103,"undergrad","Q1",4
8,NA,42,114,"high school","Q1",2
9,"M",44,107,"M.Sc","Q1",3
10,"M",27,82,"bachelors","Q1",2
11,"M",32,80,"MSc","Q1",5
12,"M",29,128,"BS","Q1",1
13,"O",20,113,"MSc","Q1",4
14,"F",42,110,"high school","Q1",1
15,"F",37,115,"high school","Q1",4
16,"F",19,120,"phd","Q1",1
17,"F",26,122,"Masters","Q1",3
18,"O",41,90,"MA","Q1",2
19,"M",39,92,"Grad school","Q1",1
20,"M",36,83,"Bsc","Q1",5
21,"F",23,83,"M.Sc","Q1",3
22,"M",24,115,"M.Sc","Q1",5
23,"M",28,89,"MA","Q1",4
24,"M",31,103,"phd","Q1",2
25,"F",31,129,"Bsc","Q1",1
26,"F",37,125,"Grad","Q1",5
27,"F",34,NA,"M.Sc","Q1",2
28,"M",20,116,"M.Sc","Q1",2
29,"M",21,121,"bachelors","Q1",2
30,"O",28,112,"M.Sc","Q1",3
31,"F",28,128,"MA","Q1",4
32,"F",NA,120,"BS","Q1",2
33,"M",38,NA,"BS","Q1",2
34,"M",NA,124,"undergrad","Q1",2
35,"M",NA,87,"undergrad","Q1",1
36,NA,27,115,"bachelors","Q1",3
37,"F",29,122,"high school","Q1",1
38,"M",39,129,"Masters","Q1",3
39,"M",43,82,"undergrad","Q1",1
40,"M",22,86,"bachelors","Q1",1
41,NA,41,101,"Grad school","Q1",5
42,"M",37,113,"doctorate","Q1",5
43,"F",35,87,"BS","Q1",4
44,"M",18,94,"MA","Q1",1
45,"F",28,104,"BA","Q1",4
46,"M",42,91,"Grad","Q1",4
47,"M",45,127,"BA","Q1",2
48,"M",23,127,"BS","Q1",1
49,"M",27,101,"Grad","Q1",4
50,"M",42,89,"MSc","Q1",3
51,"M",23,108,"bachelors","Q1",1
52,"F",37,123,"BA","Q1",5
53,"M",38,80,"B.Sc.","Q1",3
54,"F",27,114,"Masters","Q1",3
55,"M",32,87,"Grad school","Q1",4
56,"F",27,104,"Grad","Q1",3
57,"M",27,104,"BS","Q1",2
58,"F",32,80,"MSc","Q1",3
59,"F",30,103,"Grad school","Q1",1
60,"M",33,105,"phd","Q1",4
61,"F",34,86,"MA","Q1",5
62,"F",42,98,"doctorate","Q1",3
63,"F",36,87,"B.Sc.","Q1",2
64,"F",39,120,"MSc","Q1",5
65,"F",42,117,"bachelors","Q1",5
66,"M",40,111,"phd","Q1",3
67,NA,35,113,"Bsc","Q1",5
68,"F",27,104,"high school","Q1",3
69,"M",35,112,"B.Sc.","Q1",1
70,NA,38,102,"MA","Q1",2
71,"O",41,92,"Grad school","Q1",2
72,"F",20,117,"M.Sc","Q1",3
73,"F",20,89,"bachelors","Q1",3
74,"M",44,103,"Bsc","Q1",5
75,"M",NA,114,"BS","Q1",1
76,"M",43,126,"BA","Q1",3
77,"F",43,121,"Grad school","Q1",3
78,"F",42,126,"MSc","Q1",5
79,"M",38,112,"B.Sc.","Q1",3
80,"M",NA,123,"bachelors","Q1",5
81,"M",38,124,"MSc","Q1",2
82,"F",45,130,"bachelors","Q1",1
83,"M",25,121,"M.Sc","Q1",1
84,NA,38,102,"Grad","Q1",2
85,"F",23,88,"doctorate","Q1",3
86,"M",27,119,"bachelors","Q1",5
87,"F",27,86,"Grad school","Q1",1
88,"F",25,129,"MSc","Q1",2
89,"F",29,107,"BS","Q1",1
90,"F",40,80,"phd","Q1",2
91,"O",34,105,"Bsc","Q1",5
92,"M",23,126,"undergrad","Q1",3
93,"M",35,91,"phd","Q1",1
94,"F",37,117,"BA","Q1",3
95,"F",28,110,"Grad","Q1",5
96,"M",38,120,"high school","Q1",1
97,"M",19,123,"MA","Q1",4
98,"F",42,86,"Masters","Q1",1
99,"F",21,96,"bachelors","Q1",4
100,"F",44,120,"B.Sc.","Q1",3
1,"F",31,127,"BA","Q2",4
2,"M",25,103,"high school","Q2",3
3,"M",36,119,"Masters","Q2",1
4,"F",34,115,"Grad school","Q2",5
5,"M",19,111,"Grad","Q2",2
6,"M",27,80,"phd","Q2",4
7,"F",25,103,"undergrad","Q2",5
8,NA,42,114,"high school","Q2",4
9,"M",44,107,"M.Sc","Q2",3
10,"M",27,82,"bachelors","Q2",4
11,"M",32,80,"MSc","Q2",1
12,"M",29,128,"BS","Q2",3
13,"O",20,113,"MSc","Q2",2
14,"F",42,110,"high school","Q2",2
15,"F",37,115,"high school","Q2",2
16,"F",19,120,"phd","Q2",4
17,"F",26,122,"Masters","Q2",3
18,"O",41,90,"MA","Q2",5
19,"M",39,92,"Grad school","Q2",3
20,"M",36,83,"Bsc","Q2",1
21,"F",23,83,"M.Sc","Q2",1
22,"M",24,115,"M.Sc","Q2",1
23,"M",28,89,"MA","Q2",1
24,"M",31,103,"phd","Q2",1
25,"F",31,129,"Bsc","Q2",2
26,"F",37,125,"Grad","Q2",2
27,"F",34,NA,"M.Sc","Q2",4
28,"M",20,116,"M.Sc","Q2",2
29,"M",21,121,"bachelors","Q2",3
30,"O",28,112,"M.Sc","Q2",3
31,"F",28,128,"MA","Q2",4
32,"F",NA,120,"BS","Q2",4
33,"M",38,NA,"BS","Q2",3
34,"M",NA,124,"undergrad","Q2",2
35,"M",NA,87,"undergrad","Q2",3
36,NA,27,115,"bachelors","Q2",3
37,"F",29,122,"high school","Q2",1
38,"M",39,129,"Masters","Q2",5
39,"M",43,82,"undergrad","Q2",5
40,"M",22,86,"bachelors","Q2",3
41,NA,41,101,"Grad school","Q2",5
42,"M",37,113,"doctorate","Q2",4
43,"F",35,87,"BS","Q2",2
44,"M",18,94,"MA","Q2",3
45,"F",28,104,"BA","Q2",3
46,"M",42,91,"Grad","Q2",5
47,"M",45,127,"BA","Q2",2
48,"M",23,127,"BS","Q2",5
49,"M",27,101,"Grad","Q2",4
50,"M",42,89,"MSc","Q2",1
51,"M",23,108,"bachelors","Q2",1
52,"F",37,123,"BA","Q2",1
53,"M",38,80,"B.Sc.","Q2",5
54,"F",27,114,"Masters","Q2",3
55,"M",32,87,"Grad school","Q2",3
56,"F",27,104,"Grad","Q2",5
57,"M",27,104,"BS","Q2",5
58,"F",32,80,"MSc","Q2",4
59,"F",30,103,"Grad school","Q2",2
60,"M",33,105,"phd","Q2",5
61,"F",34,86,"MA","Q2",4
62,"F",42,98,"doctorate","Q2",2
63,"F",36,87,"B.Sc.","Q2",1
64,"F",39,120,"MSc","Q2",5
65,"F",42,117,"bachelors","Q2",3
66,"M",40,111,"phd","Q2",5
67,NA,35,113,"Bsc","Q2",3
68,"F",27,104,"high school","Q2",1
69,"M",35,112,"B.Sc.","Q2",4
70,NA,38,102,"MA","Q2",5
71,"O",41,92,"Grad school","Q2",2
72,"F",20,117,"M.Sc","Q2",3
73,"F",20,89,"bachelors","Q2",4
74,"M",44,103,"Bsc","Q2",2
75,"M",NA,114,"BS","Q2",2
76,"M",43,126,"BA","Q2",3
77,"F",43,121,"Grad school","Q2",3
78,"F",42,126,"MSc","Q2",5
79,"M",38,112,"B.Sc.","Q2",5
80,"M",NA,123,"bachelors","Q2",3
81,"M",38,124,"MSc","Q2",4
82,"F",45,130,"bachelors","Q2",4
83,"M",25,121,"M.Sc","Q2",2
84,NA,38,102,"Grad","Q2",3
85,"F",23,88,"doctorate","Q2",5
86,"M",27,119,"bachelors","Q2",3
87,"F",27,86,"Grad school","Q2",3
88,"F",25,129,"MSc","Q2",4
89,"F",29,107,"BS","Q2",1
90,"F",40,80,"phd","Q2",1
91,"O",34,105,"Bsc","Q2",1
92,"M",23,126,"undergrad","Q2",5
93,"M",35,91,"phd","Q2",5
94,"F",37,117,"BA","Q2",1
95,"F",28,110,"Grad","Q2",4
96,"M",38,120,"high school","Q2",4
97,"M",19,123,"MA","Q2",2
98,"F",42,86,"Masters","Q2",2
99,"F",21,96,"bachelors","Q2",1
100,"F",44,120,"B.Sc.","Q2",2
1,"F",31,127,"BA","Q3",1
2,"M",25,103,"high school","Q3",3
3,"M",36,119,"Masters","Q3",2
4,"F",34,115,"Grad school","Q3",1
5,"M",19,111,"Grad","Q3",1
6,"M",27,80,"phd","Q3",3
7,"F",25,103,"undergrad","Q3",4
8,NA,42,114,"high school","Q3",3
9,"M",44,107,"M.Sc","Q3",2
10,"M",27,82,"bachelors","Q3",4
11,"M",32,80,"MSc","Q3",5
12,"M",29,128,"BS","Q3",4
13,"O",20,113,"MSc","Q3",5
14,"F",42,110,"high school","Q3",1
15,"F",37,115,"high school","Q3",1
16,"F",19,120,"phd","Q3",5
17,"F",26,122,"Masters","Q3",5
18,"O",41,90,"MA","Q3",3
19,"M",39,92,"Grad school","Q3",1
20,"M",36,83,"Bsc","Q3",1
21,"F",23,83,"M.Sc","Q3",2
22,"M",24,115,"M.Sc","Q3",2
23,"M",28,89,"MA","Q3",1
24,"M",31,103,"phd","Q3",3
25,"F",31,129,"Bsc","Q3",3
26,"F",37,125,"Grad","Q3",4
27,"F",34,NA,"M.Sc","Q3",1
28,"M",20,116,"M.Sc","Q3",3
29,"M",21,121,"bachelors","Q3",1
30,"O",28,112,"M.Sc","Q3",1
31,"F",28,128,"MA","Q3",3
32,"F",NA,120,"BS","Q3",5
33,"M",38,NA,"BS","Q3",4
34,"M",NA,124,"undergrad","Q3",3
35,"M",NA,87,"undergrad","Q3",3
36,NA,27,115,"bachelors","Q3",4
37,"F",29,122,"high school","Q3",5
38,"M",39,129,"Masters","Q3",5
39,"M",43,82,"undergrad","Q3",2
40,"M",22,86,"bachelors","Q3",5
41,NA,41,101,"Grad school","Q3",5
42,"M",37,113,"doctorate","Q3",2
43,"F",35,87,"BS","Q3",4
44,"M",18,94,"MA","Q3",3
45,"F",28,104,"BA","Q3",1
46,"M",42,91,"Grad","Q3",1
47,"M",45,127,"BA","Q3",1
48,"M",23,127,"BS","Q3",2
49,"M",27,101,"Grad","Q3",2
50,"M",42,89,"MSc","Q3",5
51,"M",23,108,"bachelors","Q3",3
52,"F",37,123,"BA","Q3",5
53,"M",38,80,"B.Sc.","Q3",5
54,"F",27,114,"Masters","Q3",5
55,"M",32,87,"Grad school","Q3",4
56,"F",27,104,"Grad","Q3",1
57,"M",27,104,"BS","Q3",2
58,"F",32,80,"MSc","Q3",2
59,"F",30,103,"Grad school","Q3",2
60,"M",33,105,"phd","Q3",2
61,"F",34,86,"MA","Q3",5
62,"F",42,98,"doctorate","Q3",1
63,"F",36,87,"B.Sc.","Q3",5
64,"F",39,120,"MSc","Q3",1
65,"F",42,117,"bachelors","Q3",1
66,"M",40,111,"phd","Q3",1
67,NA,35,113,"Bsc","Q3",5
68,"F",27,104,"high school","Q3",2
69,"M",35,112,"B.Sc.","Q3",3
70,NA,38,102,"MA","Q3",5
71,"O",41,92,"Grad school","Q3",4
72,"F",20,117,"M.Sc","Q3",2
73,"F",20,89,"bachelors","Q3",2
74,"M",44,103,"Bsc","Q3",5
75,"M",NA,114,"BS","Q3",1
76,"M",43,126,"BA","Q3",3
77,"F",43,121,"Grad school","Q3",3
78,"F",42,126,"MSc","Q3",1
79,"M",38,112,"B.Sc.","Q3",5
80,"M",NA,123,"bachelors","Q3",5
81,"M",38,124,"MSc","Q3",5
82,"F",45,130,"bachelors","Q3",5
83,"M",25,121,"M.Sc","Q3",2
84,NA,38,102,"Grad","Q3",1
85,"F",23,88,"doctorate","Q3",3
86,"M",27,119,"bachelors","Q3",3
87,"F",27,86,"Grad school","Q3",2
88,"F",25,129,"MSc","Q3",3
89,"F",29,107,"BS","Q3",1
90,"F",40,80,"phd","Q3",1
91,"O",34,105,"Bsc","Q3",3
92,"M",23,126,"undergrad","Q3",5
93,"M",35,91,"phd","Q3",4
94,"F",37,117,"BA","Q3",5
95,"F",28,110,"Grad","Q3",2
96,"M",38,120,"high school","Q3",4
97,"M",19,123,"MA","Q3",2
98,"F",42,86,"Masters","Q3",2
99,"F",21,96,"bachelors","Q3",4
100,"F",44,120,"B.Sc.","Q3",1
1,"F",31,127,"BA","Q4",3
2,"M",25,103,"high school","Q4",4
3,"M",36,119,"Masters","Q4",2
4,"F",34,115,"Grad school","Q4",1
5,"M",19,111,"Grad","Q4",5
6,"M",27,80,"phd","Q4",1
7,"F",25,103,"undergrad","Q4",1
8,NA,42,114,"high school","Q4",4
9,"M",44,107,"M.Sc","Q4",5
10,"M",27,82,"bachelors","Q4",2
11,"M",32,80,"MSc","Q4",1
12,"M",29,128,"BS","Q4",3
13,"O",20,113,"MSc","Q4",5
14,"F",42,110,"high school","Q4",5
15,"F",37,115,"high school","Q4",4
16,"F",19,120,"phd","Q4",4
17,"F",26,122,"Masters","Q4",1
18,"O",41,90,"MA","Q4",5
19,"M",39,92,"Grad school","Q4",4
20,"M",36,83,"Bsc","Q4",1
21,"F",23,83,"M.Sc","Q4",3
22,"M",24,115,"M.Sc","Q4",5
23,"M",28,89,"MA","Q4",3
24,"M",31,103,"phd","Q4",4
25,"F",31,129,"Bsc","Q4",4
26,"F",37,125,"Grad","Q4",3
27,"F",34,NA,"M.Sc","Q4",2
28,"M",20,116,"M.Sc","Q4",2
29,"M",21,121,"bachelors","Q4",2
30,"O",28,112,"M.Sc","Q4",2
31,"F",28,128,"MA","Q4",4
32,"F",NA,120,"BS","Q4",5
33,"M",38,NA,"BS","Q4",5
34,"M",NA,124,"undergrad","Q4",3
35,"M",NA,87,"undergrad","Q4",5
36,NA,27,115,"bachelors","Q4",1
37,"F",29,122,"high school","Q4",3
38,"M",39,129,"Masters","Q4",5
39,"M",43,82,"undergrad","Q4",5
40,"M",22,86,"bachelors","Q4",2
41,NA,41,101,"Grad school","Q4",5
42,"M",37,113,"doctorate","Q4",1
43,"F",35,87,"BS","Q4",5
44,"M",18,94,"MA","Q4",5
45,"F",28,104,"BA","Q4",1
46,"M",42,91,"Grad","Q4",1
47,"M",45,127,"BA","Q4",5
48,"M",23,127,"BS","Q4",1
49,"M",27,101,"Grad","Q4",3
50,"M",42,89,"MSc","Q4",2
51,"M",23,108,"bachelors","Q4",1
52,"F",37,123,"BA","Q4",3
53,"M",38,80,"B.Sc.","Q4",2
54,"F",27,114,"Masters","Q4",3
55,"M",32,87,"Grad school","Q4",5
56,"F",27,104,"Grad","Q4",4
57,"M",27,104,"BS","Q4",4
58,"F",32,80,"MSc","Q4",4
59,"F",30,103,"Grad school","Q4",1
60,"M",33,105,"phd","Q4",2
61,"F",34,86,"MA","Q4",1
62,"F",42,98,"doctorate","Q4",4
63,"F",36,87,"B.Sc.","Q4",3
64,"F",39,120,"MSc","Q4",1
65,"F",42,117,"bachelors","Q4",4
66,"M",40,111,"phd","Q4",3
67,NA,35,113,"Bsc","Q4",2
68,"F",27,104,"high school","Q4",4
69,"M",35,112,"B.Sc.","Q4",4
70,NA,38,102,"MA","Q4",3
71,"O",41,92,"Grad school","Q4",4
72,"F",20,117,"M.Sc","Q4",2
73,"F",20,89,"bachelors","Q4",5
74,"M",44,103,"Bsc","Q4",1
75,"M",NA,114,"BS","Q4",5
76,"M",43,126,"BA","Q4",3
77,"F",43,121,"Grad school","Q4",3
78,"F",42,126,"MSc","Q4",3
79,"M",38,112,"B.Sc.","Q4",2
80,"M",NA,123,"bachelors","Q4",5
81,"M",38,124,"MSc","Q4",1
82,"F",45,130,"bachelors","Q4",4
83,"M",25,121,"M.Sc","Q4",5
84,NA,38,102,"Grad","Q4",4
85,"F",23,88,"doctorate","Q4",1
86,"M",27,119,"bachelors","Q4",3
87,"F",27,86,"Grad school","Q4",5
88,"F",25,129,"MSc","Q4",5
89,"F",29,107,"BS","Q4",1
90,"F",40,80,"phd","Q4",1
91,"O",34,105,"Bsc","Q4",4
92,"M",23,126,"undergrad","Q4",3
93,"M",35,91,"phd","Q4",4
94,"F",37,117,"BA","Q4",4
95,"F",28,110,"Grad","Q4",3
96,"M",38,120,"high school","Q4",4
97,"M",19,123,"MA","Q4",1
98,"F",42,86,"Masters","Q4",1
99,"F",21,96,"bachelors","Q4",2
100,"F",44,120,"B.Sc.","Q4",2
1,"F",31,127,"BA","Q5",5
2,"M",25,103,"high school","Q5",1
3,"M",36,119,"Masters","Q5",3
4,"F",34,115,"Grad school","Q5",3
5,"M",19,111,"Grad","Q5",5
6,"M",27,80,"phd","Q5",5
7,"F",25,103,"undergrad","Q5",3
8,NA,42,114,"high school","Q5",4
9,"M",44,107,"M.Sc","Q5",5
10,"M",27,82,"bachelors","Q5",1
11,"M",32,80,"MSc","Q5",4
12,"M",29,128,"BS","Q5",5
13,"O",20,113,"MSc","Q5",2
14,"F",42,110,"high school","Q5",2
15,"F",37,115,"high school","Q5",4
16,"F",19,120,"phd","Q5",1
17,"F",26,122,"Masters","Q5",5
18,"O",41,90,"MA","Q5",2
19,"M",39,92,"Grad school","Q5",5
20,"M",36,83,"Bsc","Q5",5
21,"F",23,83,"M.Sc","Q5",5
22,"M",24,115,"M.Sc","Q5",4
23,"M",28,89,"MA","Q5",3
24,"M",31,103,"phd","Q5",5
25,"F",31,129,"Bsc","Q5",2
26,"F",37,125,"Grad","Q5",4
27,"F",34,NA,"M.Sc","Q5",3
28,"M",20,116,"M.Sc","Q5",2
29,"M",21,121,"bachelors","Q5",5
30,"O",28,112,"M.Sc","Q5",4
31,"F",28,128,"MA","Q5",1
32,"F",NA,120,"BS","Q5",5
33,"M",38,NA,"BS","Q5",5
34,"M",NA,124,"undergrad","Q5",5
35,"M",NA,87,"undergrad","Q5",4
36,NA,27,115,"bachelors","Q5",4
37,"F",29,122,"high school","Q5",2
38,"M",39,129,"Masters","Q5",5
39,"M",43,82,"undergrad","Q5",3
40,"M",22,86,"bachelors","Q5",4
41,NA,41,101,"Grad school","Q5",3
42,"M",37,113,"doctorate","Q5",4
43,"F",35,87,"BS","Q5",4
44,"M",18,94,"MA","Q5",2
45,"F",28,104,"BA","Q5",1
46,"M",42,91,"Grad","Q5",3
47,"M",45,127,"BA","Q5",3
48,"M",23,127,"BS","Q5",3
49,"M",27,101,"Grad","Q5",3
50,"M",42,89,"MSc","Q5",5
51,"M",23,108,"bachelors","Q5",4
52,"F",37,123,"BA","Q5",2
53,"M",38,80,"B.Sc.","Q5",4
54,"F",27,114,"Masters","Q5",4
55,"M",32,87,"Grad school","Q5",3
56,"F",27,104,"Grad","Q5",1
57,"M",27,104,"BS","Q5",4
58,"F",32,80,"MSc","Q5",2
59,"F",30,103,"Grad school","Q5",2
60,"M",33,105,"phd","Q5",1
61,"F",34,86,"MA","Q5",3
62,"F",42,98,"doctorate","Q5",2
63,"F",36,87,"B.Sc.","Q5",1
64,"F",39,120,"MSc","Q5",1
65,"F",42,117,"bachelors","Q5",3
66,"M",40,111,"phd","Q5",4
67,NA,35,113,"Bsc","Q5",4
68,"F",27,104,"high school","Q5",1
69,"M",35,112,"B.Sc.","Q5",3
70,NA,38,102,"MA","Q5",5
71,"O",41,92,"Grad school","Q5",2
72,"F",20,117,"M.Sc","Q5",1
73,"F",20,89,"bachelors","Q5",5
74,"M",44,103,"Bsc","Q5",3
75,"M",NA,114,"BS","Q5",1
76,"M",43,126,"BA","Q5",3
77,"F",43,121,"Grad school","Q5",4
78,"F",42,126,"MSc","Q5",4
79,"M",38,112,"B.Sc.","Q5",4
80,"M",NA,123,"bachelors","Q5",4
81,"M",38,124,"MSc","Q5",1
82,"F",45,130,"bachelors","Q5",4
83,"M",25,121,"M.Sc","Q5",1
84,NA,38,102,"Grad","Q5",5
85,"F",23,88,"doctorate","Q5",1
86,"M",27,119,"bachelors","Q5",4
87,"F",27,86,"Grad school","Q5",1
88,"F",25,129,"MSc","Q5",4
89,"F",29,107,"BS","Q5",5
90,"F",40,80,"phd","Q5",2
91,"O",34,105,"Bsc","Q5",1
92,"M",23,126,"undergrad","Q5",3
93,"M",35,91,"phd","Q5",4
94,"F",37,117,"BA","Q5",5
95,"F",28,110,"Grad","Q5",2
96,"M",38,120,"high school","Q5",5
97,"M",19,123,"MA","Q5",3
98,"F",42,86,"Masters","Q5",3
99,"F",21,96,"bachelors","Q5",4
100,"F",44,120,"B.Sc.","Q5",5
1,"F",31,127,"BA","Q6",4
2,"M",25,103,"high school","Q6",2
3,"M",36,119,"Masters","Q6",3
4,"F",34,115,"Grad school","Q6",4
5,"M",19,111,"Grad","Q6",5
6,"M",27,80,"phd","Q6",4
7,"F",25,103,"undergrad","Q6",2
8,NA,42,114,"high school","Q6",5
9,"M",44,107,"M.Sc","Q6",4
10,"M",27,82,"bachelors","Q6",3
11,"M",32,80,"MSc","Q6",5
12,"M",29,128,"BS","Q6",4
13,"O",20,113,"MSc","Q6",5
14,"F",42,110,"high school","Q6",5
15,"F",37,115,"high school","Q6",1
16,"F",19,120,"phd","Q6",1
17,"F",26,122,"Masters","Q6",5
18,"O",41,90,"MA","Q6",2
19,"M",39,92,"Grad school","Q6",4
20,"M",36,83,"Bsc","Q6",1
21,"F",23,83,"M.Sc","Q6",2
22,"M",24,115,"M.Sc","Q6",3
23,"M",28,89,"MA","Q6",1
24,"M",31,103,"phd","Q6",4
25,"F",31,129,"Bsc","Q6",1
26,"F",37,125,"Grad","Q6",4
27,"F",34,NA,"M.Sc","Q6",1
28,"M",20,116,"M.Sc","Q6",4
29,"M",21,121,"bachelors","Q6",2
30,"O",28,112,"M.Sc","Q6",3
31,"F",28,128,"MA","Q6",4
32,"F",NA,120,"BS","Q6",1
33,"M",38,NA,"BS","Q6",5
34,"M",NA,124,"undergrad","Q6",5
35,"M",NA,87,"undergrad","Q6",1
36,NA,27,115,"bachelors","Q6",2
37,"F",29,122,"high school","Q6",3
38,"M",39,129,"Masters","Q6",4
39,"M",43,82,"undergrad","Q6",1
40,"M",22,86,"bachelors","Q6",4
41,NA,41,101,"Grad school","Q6",2
42,"M",37,113,"doctorate","Q6",1
43,"F",35,87,"BS","Q6",4
44,"M",18,94,"MA","Q6",1
45,"F",28,104,"BA","Q6",5
46,"M",42,91,"Grad","Q6",4
47,"M",45,127,"BA","Q6",1
48,"M",23,127,"BS","Q6",5
49,"M",27,101,"Grad","Q6",3
50,"M",42,89,"MSc","Q6",2
51,"M",23,108,"bachelors","Q6",2
52,"F",37,123,"BA","Q6",4
53,"M",38,80,"B.Sc.","Q6",5
54,"F",27,114,"Masters","Q6",5
55,"M",32,87,"Grad school","Q6",1
56,"F",27,104,"Grad","Q6",4
57,"M",27,104,"BS","Q6",3
58,"F",32,80,"MSc","Q6",4
59,"F",30,103,"Grad school","Q6",5
60,"M",33,105,"phd","Q6",2
61,"F",34,86,"MA","Q6",5
62,"F",42,98,"doctorate","Q6",1
63,"F",36,87,"B.Sc.","Q6",1
64,"F",39,120,"MSc","Q6",5
65,"F",42,117,"bachelors","Q6",2
66,"M",40,111,"phd","Q6",2
67,NA,35,113,"Bsc","Q6",1
68,"F",27,104,"high school","Q6",3
69,"M",35,112,"B.Sc.","Q6",2
70,NA,38,102,"MA","Q6",3
71,"O",41,92,"Grad school","Q6",4
72,"F",20,117,"M.Sc","Q6",3
73,"F",20,89,"bachelors","Q6",5
74,"M",44,103,"Bsc","Q6",2
75,"M",NA,114,"BS","Q6",3
76,"M",43,126,"BA","Q6",4
77,"F",43,121,"Grad school","Q6",2
78,"F",42,126,"MSc","Q6",4
79,"M",38,112,"B.Sc.","Q6",1
80,"M",NA,123,"bachelors","Q6",1
81,"M",38,124,"MSc","Q6",2
82,"F",45,130,"bachelors","Q6",5
83,"M",25,121,"M.Sc","Q6",2
84,NA,38,102,"Grad","Q6",1
85,"F",23,88,"doctorate","Q6",5
86,"M",27,119,"bachelors","Q6",5
87,"F",27,86,"Grad school","Q6",1
88,"F",25,129,"MSc","Q6",1
89,"F",29,107,"BS","Q6",2
90,"F",40,80,"phd","Q6",1
91,"O",34,105,"Bsc","Q6",2
92,"M",23,126,"undergrad","Q6",5
93,"M",35,91,"phd","Q6",1
94,"F",37,117,"BA","Q6",1
95,"F",28,110,"Grad","Q6",4
96,"M",38,120,"high school","Q6",3
97,"M",19,123,"MA","Q6",3
98,"F",42,86,"Masters","Q6",3
99,"F",21,96,"bachelors","Q6",2
100,"F",44,120,"B.Sc.","Q6",2
1,"F",31,127,"BA","Q7",3
2,"M",25,103,"high school","Q7",1
3,"M",36,119,"Masters","Q7",3
4,"F",34,115,"Grad school","Q7",3
5,"M",19,111,"Grad","Q7",3
6,"M",27,80,"phd","Q7",4
7,"F",25,103,"undergrad","Q7",1
8,NA,42,114,"high school","Q7",1
9,"M",44,107,"M.Sc","Q7",2
10,"M",27,82,"bachelors","Q7",2
11,"M",32,80,"MSc","Q7",3
12,"M",29,128,"BS","Q7",3
13,"O",20,113,"MSc","Q7",5
14,"F",42,110,"high school","Q7",2
15,"F",37,115,"high school","Q7",5
16,"F",19,120,"phd","Q7",5
17,"F",26,122,"Masters","Q7",1
18,"O",41,90,"MA","Q7",1
19,"M",39,92,"Grad school","Q7",1
20,"M",36,83,"Bsc","Q7",5
21,"F",23,83,"M.Sc","Q7",2
22,"M",24,115,"M.Sc","Q7",4
23,"M",28,89,"MA","Q7",5
24,"M",31,103,"phd","Q7",2
25,"F",31,129,"Bsc","Q7",5
26,"F",37,125,"Grad","Q7",5
27,"F",34,NA,"M.Sc","Q7",4
28,"M",20,116,"M.Sc","Q7",1
29,"M",21,121,"bachelors","Q7",4
30,"O",28,112,"M.Sc","Q7",5
31,"F",28,128,"MA","Q7",2
32,"F",NA,120,"BS","Q7",1
33,"M",38,NA,"BS","Q7",1
34,"M",NA,124,"undergrad","Q7",1
35,"M",NA,87,"undergrad","Q7",5
36,NA,27,115,"bachelors","Q7",2
37,"F",29,122,"high school","Q7",3
38,"M",39,129,"Masters","Q7",4
39,"M",43,82,"undergrad","Q7",5
40,"M",22,86,"bachelors","Q7",1
41,NA,41,101,"Grad school","Q7",2
42,"M",37,113,"doctorate","Q7",2
43,"F",35,87,"BS","Q7",5
44,"M",18,94,"MA","Q7",4
45,"F",28,104,"BA","Q7",1
46,"M",42,91,"Grad","Q7",5
47,"M",45,127,"BA","Q7",2
48,"M",23,127,"BS","Q7",5
49,"M",27,101,"Grad","Q7",3
50,"M",42,89,"MSc","Q7",4
51,"M",23,108,"bachelors","Q7",3
52,"F",37,123,"BA","Q7",3
53,"M",38,80,"B.Sc.","Q7",2
54,"F",27,114,"Masters","Q7",2
55,"M",32,87,"Grad school","Q7",4
56,"F",27,104,"Grad","Q7",5
57,"M",27,104,"BS","Q7",2
58,"F",32,80,"MSc","Q7",1
59,"F",30,103,"Grad school","Q7",4
60,"M",33,105,"phd","Q7",3
61,"F",34,86,"MA","Q7",3
62,"F",42,98,"doctorate","Q7",5
63,"F",36,87,"B.Sc.","Q7",2
64,"F",39,120,"MSc","Q7",4
65,"F",42,117,"bachelors","Q7",4
66,"M",40,111,"phd","Q7",5
67,NA,35,113,"Bsc","Q7",5
68,"F",27,104,"high school","Q7",4
69,"M",35,112,"B.Sc.","Q7",2
70,NA,38,102,"MA","Q7",4
71,"O",41,92,"Grad school","Q7",4
72,"F",20,117,"M.Sc","Q7",2
73,"F",20,89,"bachelors","Q7",4
74,"M",44,103,"Bsc","Q7",3
75,"M",NA,114,"BS","Q7",2
76,"M",43,126,"BA","Q7",4
77,"F",43,121,"Grad school","Q7",5
78,"F",42,126,"MSc","Q7",4
79,"M",38,112,"B.Sc.","Q7",1
80,"M",NA,123,"bachelors","Q7",5
81,"M",38,124,"MSc","Q7",5
82,"F",45,130,"bachelors","Q7",1
83,"M",25,121,"M.Sc","Q7",5
84,NA,38,102,"Grad","Q7",1
85,"F",23,88,"doctorate","Q7",3
86,"M",27,119,"bachelors","Q7",1
87,"F",27,86,"Grad school","Q7",1
88,"F",25,129,"MSc","Q7",5
89,"F",29,107,"BS","Q7",2
90,"F",40,80,"phd","Q7",3
91,"O",34,105,"Bsc","Q7",3
92,"M",23,126,"undergrad","Q7",2
93,"M",35,91,"phd","Q7",5
94,"F",37,117,"BA","Q7",1
95,"F",28,110,"Grad","Q7",1
96,"M",38,120,"high school","Q7",4
97,"M",19,123,"MA","Q7",2
98,"F",42,86,"Masters","Q7",1
99,"F",21,96,"bachelors","Q7",1
100,"F",44,120,"B.Sc.","Q7",4
1,"F",31,127,"BA","Q8",3
2,"M",25,103,"high school","Q8",3
3,"M",36,119,"Masters","Q8",3
4,"F",34,115,"Grad school","Q8",5
5,"M",19,111,"Grad","Q8",1
6,"M",27,80,"phd","Q8",3
7,"F",25,103,"undergrad","Q8",2
8,NA,42,114,"high school","Q8",5
9,"M",44,107,"M.Sc","Q8",5
10,"M",27,82,"bachelors","Q8",5
11,"M",32,80,"MSc","Q8",5
12,"M",29,128,"BS","Q8",2
13,"O",20,113,"MSc","Q8",5
14,"F",42,110,"high school","Q8",2
15,"F",37,115,"high school","Q8",4
16,"F",19,120,"phd","Q8",4
17,"F",26,122,"Masters","Q8",4
18,"O",41,90,"MA","Q8",4
19,"M",39,92,"Grad school","Q8",3
20,"M",36,83,"Bsc","Q8",3
21,"F",23,83,"M.Sc","Q8",2
22,"M",24,115,"M.Sc","Q8",5
23,"M",28,89,"MA","Q8",1
24,"M",31,103,"phd","Q8",4
25,"F",31,129,"Bsc","Q8",3
26,"F",37,125,"Grad","Q8",4
27,"F",34,NA,"M.Sc","Q8",3
28,"M",20,116,"M.Sc","Q8",2
29,"M",21,121,"bachelors","Q8",4
30,"O",28,112,"M.Sc","Q8",5
31,"F",28,128,"MA","Q8",1
32,"F",NA,120,"BS","Q8",4
33,"M",38,NA,"BS","Q8",4
34,"M",NA,124,"undergrad","Q8",3
35,"M",NA,87,"undergrad","Q8",3
36,NA,27,115,"bachelors","Q8",1
37,"F",29,122,"high school","Q8",5
38,"M",39,129,"Masters","Q8",1
39,"M",43,82,"undergrad","Q8",3
40,"M",22,86,"bachelors","Q8",4
41,NA,41,101,"Grad school","Q8",1
42,"M",37,113,"doctorate","Q8",5
43,"F",35,87,"BS","Q8",4
44,"M",18,94,"MA","Q8",3
45,"F",28,104,"BA","Q8",1
46,"M",42,91,"Grad","Q8",2
47,"M",45,127,"BA","Q8",5
48,"M",23,127,"BS","Q8",2
49,"M",27,101,"Grad","Q8",1
50,"M",42,89,"MSc","Q8",5
51,"M",23,108,"bachelors","Q8",2
52,"F",37,123,"BA","Q8",5
53,"M",38,80,"B.Sc.","Q8",2
54,"F",27,114,"Masters","Q8",4
55,"M",32,87,"Grad school","Q8",4
56,"F",27,104,"Grad","Q8",5
57,"M",27,104,"BS","Q8",4
58,"F",32,80,"MSc","Q8",4
59,"F",30,103,"Grad school","Q8",3
60,"M",33,105,"phd","Q8",1
61,"F",34,86,"MA","Q8",2
62,"F",42,98,"doctorate","Q8",4
63,"F",36,87,"B.Sc.","Q8",2
64,"F",39,120,"MSc","Q8",3
65,"F",42,117,"bachelors","Q8",2
66,"M",40,111,"phd","Q8",3
67,NA,35,113,"Bsc","Q8",1
68,"F",27,104,"high school","Q8",5
69,"M",35,112,"B.Sc.","Q8",2
70,NA,38,102,"MA","Q8",2
71,"O",41,92,"Grad school","Q8",3
72,"F",20,117,"M.Sc","Q8",2
73,"F",20,89,"bachelors","Q8",1
74,"M",44,103,"Bsc","Q8",5
75,"M",NA,114,"BS","Q8",1
76,"M",43,126,"BA","Q8",4
77,"F",43,121,"Grad school","Q8",2
78,"F",42,126,"MSc","Q8",1
79,"M",38,112,"B.Sc.","Q8",1
80,"M",NA,123,"bachelors","Q8",5
81,"M",38,124,"MSc","Q8",2
82,"F",45,130,"bachelors","Q8",2
83,"M",25,121,"M.Sc","Q8",1
84,NA,38,102,"Grad","Q8",2
85,"F",23,88,"doctorate","Q8",2
86,"M",27,119,"bachelors","Q8",5
87,"F",27,86,"Grad school","Q8",2
88,"F",25,129,"MSc","Q8",3
89,"F",29,107,"BS","Q8",3
90,"F",40,80,"phd","Q8",2
91,"O",34,105,"Bsc","Q8",2
92,"M",23,126,"undergrad","Q8",1
93,"M",35,91,"phd","Q8",2
94,"F",37,117,"BA","Q8",4
95,"F",28,110,"Grad","Q8",4
96,"M",38,120,"high school","Q8",3
97,"M",19,123,"MA","Q8",1
98,"F",42,86,"Masters","Q8",1
99,"F",21,96,"bachelors","Q8",3
100,"F",44,120,"B.Sc.","Q8",1
1,"F",31,127,"BA","Q9",4
2,"M",25,103,"high school","Q9",2
3,"M",36,119,"Masters","Q9",5
4,"F",34,115,"Grad school","Q9",4
5,"M",19,111,"Grad","Q9",2
6,"M",27,80,"phd","Q9",2
7,"F",25,103,"undergrad","Q9",2
8,NA,42,114,"high school","Q9",4
9,"M",44,107,"M.Sc","Q9",2
10,"M",27,82,"bachelors","Q9",3
11,"M",32,80,"MSc","Q9",4
12,"M",29,128,"BS","Q9",5
13,"O",20,113,"MSc","Q9",5
14,"F",42,110,"high school","Q9",2
15,"F",37,115,"high school","Q9",2
16,"F",19,120,"phd","Q9",2
17,"F",26,122,"Masters","Q9",1
18,"O",41,90,"MA","Q9",1
19,"M",39,92,"Grad school","Q9",4
20,"M",36,83,"Bsc","Q9",2
21,"F",23,83,"M.Sc","Q9",5
22,"M",24,115,"M.Sc","Q9",4
23,"M",28,89,"MA","Q9",4
24,"M",31,103,"phd","Q9",1
25,"F",31,129,"Bsc","Q9",2
26,"F",37,125,"Grad","Q9",4
27,"F",34,NA,"M.Sc","Q9",3
28,"M",20,116,"M.Sc","Q9",4
29,"M",21,121,"bachelors","Q9",5
30,"O",28,112,"M.Sc","Q9",4
31,"F",28,128,"MA","Q9",5
32,"F",NA,120,"BS","Q9",1
33,"M",38,NA,"BS","Q9",4
34,"M",NA,124,"undergrad","Q9",4
35,"M",NA,87,"undergrad","Q9",5
36,NA,27,115,"bachelors","Q9",1
37,"F",29,122,"high school","Q9",3
38,"M",39,129,"Masters","Q9",2
39,"M",43,82,"undergrad","Q9",4
40,"M",22,86,"bachelors","Q9",4
41,NA,41,101,"Grad school","Q9",5
42,"M",37,113,"doctorate","Q9",5
43,"F",35,87,"BS","Q9",5
44,"M",18,94,"MA","Q9",4
45,"F",28,104,"BA","Q9",5
46,"M",42,91,"Grad","Q9",1
47,"M",45,127,"BA","Q9",3
48,"M",23,127,"BS","Q9",2
49,"M",27,101,"Grad","Q9",2
50,"M",42,89,"MSc","Q9",1
51,"M",23,108,"bachelors","Q9",3
52,"F",37,123,"BA","Q9",3
53,"M",38,80,"B.Sc.","Q9",4
54,"F",27,114,"Masters","Q9",3
55,"M",32,87,"Grad school","Q9",3
56,"F",27,104,"Grad","Q9",3
57,"M",27,104,"BS","Q9",2
58,"F",32,80,"MSc","Q9",4
59,"F",30,103,"Grad school","Q9",3
60,"M",33,105,"phd","Q9",5
61,"F",34,86,"MA","Q9",3
62,"F",42,98,"doctorate","Q9",1
63,"F",36,87,"B.Sc.","Q9",1
64,"F",39,120,"MSc","Q9",1
65,"F",42,117,"bachelors","Q9",2
66,"M",40,111,"phd","Q9",5
67,NA,35,113,"Bsc","Q9",2
68,"F",27,104,"high school","Q9",2
69,"M",35,112,"B.Sc.","Q9",4
70,NA,38,102,"MA","Q9",4
71,"O",41,92,"Grad school","Q9",2
72,"F",20,117,"M.Sc","Q9",5
73,"F",20,89,"bachelors","Q9",4
74,"M",44,103,"Bsc","Q9",1
75,"M",NA,114,"BS","Q9",4
76,"M",43,126,"BA","Q9",5
77,"F",43,121,"Grad school","Q9",2
78,"F",42,126,"MSc","Q9",5
79,"M",38,112,"B.Sc.","Q9",4
80,"M",NA,123,"bachelors","Q9",3
81,"M",38,124,"MSc","Q9",3
82,"F",45,130,"bachelors","Q9",5
83,"M",25,121,"M.Sc","Q9",2
84,NA,38,102,"Grad","Q9",4
85,"F",23,88,"doctorate","Q9",3
86,"M",27,119,"bachelors","Q9",2
87,"F",27,86,"Grad school","Q9",1
88,"F",25,129,"MSc","Q9",3
89,"F",29,107,"BS","Q9",5
90,"F",40,80,"phd","Q9",2
91,"O",34,105,"Bsc","Q9",1
92,"M",23,126,"undergrad","Q9",4
93,"M",35,91,"phd","Q9",1
94,"F",37,117,"BA","Q9",2
95,"F",28,110,"Grad","Q9",2
96,"M",38,120,"high school","Q9",4
97,"M",19,123,"MA","Q9",5
98,"F",42,86,"Masters","Q9",1
99,"F",21,96,"bachelors","Q9",2
100,"F",44,120,"B.Sc.","Q9",2
1,"F",31,127,"BA","Q10",3
2,"M",25,103,"high school","Q10",5
3,"M",36,119,"Masters","Q10",1
4,"F",34,115,"Grad school","Q10",4
5,"M",19,111,"Grad","Q10",3
6,"M",27,80,"phd","Q10",2
7,"F",25,103,"undergrad","Q10",5
8,NA,42,114,"high school","Q10",1
9,"M",44,107,"M.Sc","Q10",2
10,"M",27,82,"bachelors","Q10",3
11,"M",32,80,"MSc","Q10",4
12,"M",29,128,"BS","Q10",4
13,"O",20,113,"MSc","Q10",3
14,"F",42,110,"high school","Q10",1
15,"F",37,115,"high school","Q10",3
16,"F",19,120,"phd","Q10",5
17,"F",26,122,"Masters","Q10",2
18,"O",41,90,"MA","Q10",3
19,"M",39,92,"Grad school","Q10",5
20,"M",36,83,"Bsc","Q10",1
21,"F",23,83,"M.Sc","Q10",2
22,"M",24,115,"M.Sc","Q10",5
23,"M",28,89,"MA","Q10",5
24,"M",31,103,"phd","Q10",1
25,"F",31,129,"Bsc","Q10",5
26,"F",37,125,"Grad","Q10",3
27,"F",34,NA,"M.Sc","Q10",2
28,"M",20,116,"M.Sc","Q10",1
29,"M",21,121,"bachelors","Q10",5
30,"O",28,112,"M.Sc","Q10",2
31,"F",28,128,"MA","Q10",4
32,"F",NA,120,"BS","Q10",4
33,"M",38,NA,"BS","Q10",1
34,"M",NA,124,"undergrad","Q10",1
35,"M",NA,87,"undergrad","Q10",3
36,NA,27,115,"bachelors","Q10",1
37,"F",29,122,"high school","Q10",1
38,"M",39,129,"Masters","Q10",2
39,"M",43,82,"undergrad","Q10",2
40,"M",22,86,"bachelors","Q10",1
41,NA,41,101,"Grad school","Q10",4
42,"M",37,113,"doctorate","Q10",2
43,"F",35,87,"BS","Q10",4
44,"M",18,94,"MA","Q10",3
45,"F",28,104,"BA","Q10",1
46,"M",42,91,"Grad","Q10",5
47,"M",45,127,"BA","Q10",3
48,"M",23,127,"BS","Q10",5
49,"M",27,101,"Grad","Q10",4
50,"M",42,89,"MSc","Q10",5
51,"M",23,108,"bachelors","Q10",1
52,"F",37,123,"BA","Q10",2
53,"M",38,80,"B.Sc.","Q10",4
54,"F",27,114,"Masters","Q10",3
55,"M",32,87,"Grad school","Q10",5
56,"F",27,104,"Grad","Q10",1
57,"M",27,104,"BS","Q10",3
58,"F",32,80,"MSc","Q10",2
59,"F",30,103,"Grad school","Q10",4
60,"M",33,105,"phd","Q10",1
61,"F",34,86,"MA","Q10",2
62,"F",42,98,"doctorate","Q10",3
63,"F",36,87,"B.Sc.","Q10",2
64,"F",39,120,"MSc","Q10",1
65,"F",42,117,"bachelors","Q10",3
66,"M",40,111,"phd","Q10",1
67,NA,35,113,"Bsc","Q10",2
68,"F",27,104,"high school","Q10",1
69,"M",35,112,"B.Sc.","Q10",3
70,NA,38,102,"MA","Q10",4
71,"O",41,92,"Grad school","Q10",3
72,"F",20,117,"M.Sc","Q10",4
73,"F",20,89,"bachelors","Q10",4
74,"M",44,103,"Bsc","Q10",5
75,"M",NA,114,"BS","Q10",4
76,"M",43,126,"BA","Q10",3
77,"F",43,121,"Grad school","Q10",2
78,"F",42,126,"MSc","Q10",3
79,"M",38,112,"B.Sc.","Q10",5
80,"M",NA,123,"bachelors","Q10",1
81,"M",38,124,"MSc","Q10",4
82,"F",45,130,"bachelors","Q10",4
83,"M",25,121,"M.Sc","Q10",4
84,NA,38,102,"Grad","Q10",1
85,"F",23,88,"doctorate","Q10",4
86,"M",27,119,"bachelors","Q10",2
87,"F",27,86,"Grad school","Q10",4
88,"F",25,129,"MSc","Q10",1
89,"F",29,107,"BS","Q10",5
90,"F",40,80,"phd","Q10",4
91,"O",34,105,"Bsc","Q10",2
92,"M",23,126,"undergrad","Q10",3
93,"M",35,91,"phd","Q10",3
94,"F",37,117,"BA","Q10",1
95,"F",28,110,"Grad","Q10",1
96,"M",38,120,"high school","Q10",1
97,"M",19,123,"MA","Q10",4
98,"F",42,86,"Masters","Q10",2
99,"F",21,96,"bachelors","Q10",5
100,"F",44,120,"B.Sc.","Q10",4
1,"F",31,127,"BA","Q11",1
2,"M",25,103,"high school","Q11",1
3,"M",36,119,"Masters","Q11",2
4,"F",34,115,"Grad school","Q11",4
5,"M",19,111,"Grad","Q11",1
6,"M",27,80,"phd","Q11",1
7,"F",25,103,"undergrad","Q11",1
8,NA,42,114,"high school","Q11",2
9,"M",44,107,"M.Sc","Q11",3
10,"M",27,82,"bachelors","Q11",1
11,"M",32,80,"MSc","Q11",1
12,"M",29,128,"BS","Q11",2
13,"O",20,113,"MSc","Q11",3
14,"F",42,110,"high school","Q11",4
15,"F",37,115,"high school","Q11",3
16,"F",19,120,"phd","Q11",3
17,"F",26,122,"Masters","Q11",5
18,"O",41,90,"MA","Q11",5
19,"M",39,92,"Grad school","Q11",3
20,"M",36,83,"Bsc","Q11",1
21,"F",23,83,"M.Sc","Q11",2
22,"M",24,115,"M.Sc","Q11",1
23,"M",28,89,"MA","Q11",3
24,"M",31,103,"phd","Q11",1
25,"F",31,129,"Bsc","Q11",3
26,"F",37,125,"Grad","Q11",4
27,"F",34,NA,"M.Sc","Q11",3
28,"M",20,116,"M.Sc","Q11",4
29,"M",21,121,"bachelors","Q11",2
30,"O",28,112,"M.Sc","Q11",5
31,"F",28,128,"MA","Q11",4
32,"F",NA,120,"BS","Q11",5
33,"M",38,NA,"BS","Q11",3
34,"M",NA,124,"undergrad","Q11",5
35,"M",NA,87,"undergrad","Q11",3
36,NA,27,115,"bachelors","Q11",2
37,"F",29,122,"high school","Q11",3
38,"M",39,129,"Masters","Q11",1
39,"M",43,82,"undergrad","Q11",5
40,"M",22,86,"bachelors","Q11",3
41,NA,41,101,"Grad school","Q11",5
42,"M",37,113,"doctorate","Q11",4
43,"F",35,87,"BS","Q11",4
44,"M",18,94,"MA","Q11",2
45,"F",28,104,"BA","Q11",4
46,"M",42,91,"Grad","Q11",2
47,"M",45,127,"BA","Q11",1
48,"M",23,127,"BS","Q11",4
49,"M",27,101,"Grad","Q11",1
50,"M",42,89,"MSc","Q11",5
51,"M",23,108,"bachelors","Q11",2
52,"F",37,123,"BA","Q11",2
53,"M",38,80,"B.Sc.","Q11",4
54,"F",27,114,"Masters","Q11",1
55,"M",32,87,"Grad school","Q11",4
56,"F",27,104,"Grad","Q11",5
57,"M",27,104,"BS","Q11",5
58,"F",32,80,"MSc","Q11",2
59,"F",30,103,"Grad school","Q11",3
60,"M",33,105,"phd","Q11",5
61,"F",34,86,"MA","Q11",5
62,"F",42,98,"doctorate","Q11",1
63,"F",36,87,"B.Sc.","Q11",3
64,"F",39,120,"MSc","Q11",2
65,"F",42,117,"bachelors","Q11",2
66,"M",40,111,"phd","Q11",5
67,NA,35,113,"Bsc","Q11",1
68,"F",27,104,"high school","Q11",5
69,"M",35,112,"B.Sc.","Q11",3
70,NA,38,102,"MA","Q11",3
71,"O",41,92,"Grad school","Q11",5
72,"F",20,117,"M.Sc","Q11",2
73,"F",20,89,"bachelors","Q11",1
74,"M",44,103,"Bsc","Q11",3
75,"M",NA,114,"BS","Q11",5
76,"M",43,126,"BA","Q11",1
77,"F",43,121,"Grad school","Q11",1
78,"F",42,126,"MSc","Q11",3
79,"M",38,112,"B.Sc.","Q11",1
80,"M",NA,123,"bachelors","Q11",5
81,"M",38,124,"MSc","Q11",3
82,"F",45,130,"bachelors","Q11",5
83,"M",25,121,"M.Sc","Q11",3
84,NA,38,102,"Grad","Q11",2
85,"F",23,88,"doctorate","Q11",3
86,"M",27,119,"bachelors","Q11",5
87,"F",27,86,"Grad school","Q11",1
88,"F",25,129,"MSc","Q11",1
89,"F",29,107,"BS","Q11",5
90,"F",40,80,"phd","Q11",1
91,"O",34,105,"Bsc","Q11",1
92,"M",23,126,"undergrad","Q11",2
93,"M",35,91,"phd","Q11",5
94,"F",37,117,"BA","Q11",4
95,"F",28,110,"Grad","Q11",2
96,"M",38,120,"high school","Q11",5
97,"M",19,123,"MA","Q11",1
98,"F",42,86,"Masters","Q11",3
99,"F",21,96,"bachelors","Q11",2
100,"F",44,120,"B.Sc.","Q11",2
1,"F",31,127,"BA","Q12",1
2,"M",25,103,"high school","Q12",4
3,"M",36,119,"Masters","Q12",1
4,"F",34,115,"Grad school","Q12",1
5,"M",19,111,"Grad","Q12",1
6,"M",27,80,"phd","Q12",4
7,"F",25,103,"undergrad","Q12",1
8,NA,42,114,"high school","Q12",1
9,"M",44,107,"M.Sc","Q12",1
10,"M",27,82,"bachelors","Q12",1
11,"M",32,80,"MSc","Q12",4
12,"M",29,128,"BS","Q12",4
13,"O",20,113,"MSc","Q12",1
14,"F",42,110,"high school","Q12",3
15,"F",37,115,"high school","Q12",3
16,"F",19,120,"phd","Q12",4
17,"F",26,122,"Masters","Q12",2
18,"O",41,90,"MA","Q12",3
19,"M",39,92,"Grad school","Q12",5
20,"M",36,83,"Bsc","Q12",5
21,"F",23,83,"M.Sc","Q12",2
22,"M",24,115,"M.Sc","Q12",2
23,"M",28,89,"MA","Q12",1
24,"M",31,103,"phd","Q12",2
25,"F",31,129,"Bsc","Q12",1
26,"F",37,125,"Grad","Q12",5
27,"F",34,NA,"M.Sc","Q12",5
28,"M",20,116,"M.Sc","Q12",1
29,"M",21,121,"bachelors","Q12",3
30,"O",28,112,"M.Sc","Q12",5
31,"F",28,128,"MA","Q12",2
32,"F",NA,120,"BS","Q12",1
33,"M",38,NA,"BS","Q12",3
34,"M",NA,124,"undergrad","Q12",1
35,"M",NA,87,"undergrad","Q12",1
36,NA,27,115,"bachelors","Q12",4
37,"F",29,122,"high school","Q12",1
38,"M",39,129,"Masters","Q12",2
39,"M",43,82,"undergrad","Q12",4
40,"M",22,86,"bachelors","Q12",2
41,NA,41,101,"Grad school","Q12",2
42,"M",37,113,"doctorate","Q12",1
43,"F",35,87,"BS","Q12",5
44,"M",18,94,"MA","Q12",4
45,"F",28,104,"BA","Q12",2
46,"M",42,91,"Grad","Q12",5
47,"M",45,127,"BA","Q12",1
48,"M",23,127,"BS","Q12",5
49,"M",27,101,"Grad","Q12",4
50,"M",42,89,"MSc","Q12",5
51,"M",23,108,"bachelors","Q12",5
52,"F",37,123,"BA","Q12",4
53,"M",38,80,"B.Sc.","Q12",3
54,"F",27,114,"Masters","Q12",5
55,"M",32,87,"Grad school","Q12",2
56,"F",27,104,"Grad","Q12",3
57,"M",27,104,"BS","Q12",2
58,"F",32,80,"MSc","Q12",2
59,"F",30,103,"Grad school","Q12",3
60,"M",33,105,"phd","Q12",2
61,"F",34,86,"MA","Q12",2
62,"F",42,98,"doctorate","Q12",4
63,"F",36,87,"B.Sc.","Q12",1
64,"F",39,120,"MSc","Q12",2
65,"F",42,117,"bachelors","Q12",5
66,"M",40,111,"phd","Q12",5
67,NA,35,113,"Bsc","Q12",2
68,"F",27,104,"high school","Q12",4
69,"M",35,112,"B.Sc.","Q12",3
70,NA,38,102,"MA","Q12",4
71,"O",41,92,"Grad school","Q12",3
72,"F",20,117,"M.Sc","Q12",5
73,"F",20,89,"bachelors","Q12",1
74,"M",44,103,"Bsc","Q12",1
75,"M",NA,114,"BS","Q12",2
76,"M",43,126,"BA","Q12",4
77,"F",43,121,"Grad school","Q12",4
78,"F",42,126,"MSc","Q12",1
79,"M",38,112,"B.Sc.","Q12",1
80,"M",NA,123,"bachelors","Q12",1
81,"M",38,124,"MSc","Q12",2
82,"F",45,130,"bachelors","Q12",3
83,"M",25,121,"M.Sc","Q12",2
84,NA,38,102,"Grad","Q12",4
85,"F",23,88,"doctorate","Q12",2
86,"M",27,119,"bachelors","Q12",3
87,"F",27,86,"Grad school","Q12",5
88,"F",25,129,"MSc","Q12",3
89,"F",29,107,"BS","Q12",1
90,"F",40,80,"phd","Q12",2
91,"O",34,105,"Bsc","Q12",2
92,"M",23,126,"undergrad","Q12",1
93,"M",35,91,"phd","Q12",5
94,"F",37,117,"BA","Q12",4
95,"F",28,110,"Grad","Q12",2
96,"M",38,120,"high school","Q12",3
97,"M",19,123,"MA","Q12",1
98,"F",42,86,"Masters","Q12",3
99,"F",21,96,"bachelors","Q12",2
100,"F",44,120,"B.Sc.","Q12",4
1,"F",31,127,"BA","Q13",3
2,"M",25,103,"high school","Q13",5
3,"M",36,119,"Masters","Q13",1
4,"F",34,115,"Grad school","Q13",4
5,"M",19,111,"Grad","Q13",2
6,"M",27,80,"phd","Q13",3
7,"F",25,103,"undergrad","Q13",1
8,NA,42,114,"high school","Q13",4
9,"M",44,107,"M.Sc","Q13",3
10,"M",27,82,"bachelors","Q13",5
11,"M",32,80,"MSc","Q13",5
12,"M",29,128,"BS","Q13",5
13,"O",20,113,"MSc","Q13",2
14,"F",42,110,"high school","Q13",2
15,"F",37,115,"high school","Q13",5
16,"F",19,120,"phd","Q13",5
17,"F",26,122,"Masters","Q13",2
18,"O",41,90,"MA","Q13",2
19,"M",39,92,"Grad school","Q13",3
20,"M",36,83,"Bsc","Q13",3
21,"F",23,83,"M.Sc","Q13",3
22,"M",24,115,"M.Sc","Q13",4
23,"M",28,89,"MA","Q13",4
24,"M",31,103,"phd","Q13",2
25,"F",31,129,"Bsc","Q13",1
26,"F",37,125,"Grad","Q13",5
27,"F",34,NA,"M.Sc","Q13",5
28,"M",20,116,"M.Sc","Q13",1
29,"M",21,121,"bachelors","Q13",2
30,"O",28,112,"M.Sc","Q13",4
31,"F",28,128,"MA","Q13",2
32,"F",NA,120,"BS","Q13",1
33,"M",38,NA,"BS","Q13",1
34,"M",NA,124,"undergrad","Q13",3
35,"M",NA,87,"undergrad","Q13",5
36,NA,27,115,"bachelors","Q13",2
37,"F",29,122,"high school","Q13",5
38,"M",39,129,"Masters","Q13",3
39,"M",43,82,"undergrad","Q13",2
40,"M",22,86,"bachelors","Q13",1
41,NA,41,101,"Grad school","Q13",5
42,"M",37,113,"doctorate","Q13",1
43,"F",35,87,"BS","Q13",1
44,"M",18,94,"MA","Q13",3
45,"F",28,104,"BA","Q13",5
46,"M",42,91,"Grad","Q13",4
47,"M",45,127,"BA","Q13",3
48,"M",23,127,"BS","Q13",5
49,"M",27,101,"Grad","Q13",2
50,"M",42,89,"MSc","Q13",4
51,"M",23,108,"bachelors","Q13",3
52,"F",37,123,"BA","Q13",2
53,"M",38,80,"B.Sc.","Q13",5
54,"F",27,114,"Masters","Q13",3
55,"M",32,87,"Grad school","Q13",1
56,"F",27,104,"Grad","Q13",1
57,"M",27,104,"BS","Q13",3
58,"F",32,80,"MSc","Q13",2
59,"F",30,103,"Grad school","Q13",1
60,"M",33,105,"phd","Q13",4
61,"F",34,86,"MA","Q13",2
62,"F",42,98,"doctorate","Q13",5
63,"F",36,87,"B.Sc.","Q13",3
64,"F",39,120,"MSc","Q13",2
65,"F",42,117,"bachelors","Q13",3
66,"M",40,111,"phd","Q13",4
67,NA,35,113,"Bsc","Q13",1
68,"F",27,104,"high school","Q13",1
69,"M",35,112,"B.Sc.","Q13",1
70,NA,38,102,"MA","Q13",5
71,"O",41,92,"Grad school","Q13",5
72,"F",20,117,"M.Sc","Q13",3
73,"F",20,89,"bachelors","Q13",1
74,"M",44,103,"Bsc","Q13",1
75,"M",NA,114,"BS","Q13",4
76,"M",43,126,"BA","Q13",3
77,"F",43,121,"Grad school","Q13",5
78,"F",42,126,"MSc","Q13",2
79,"M",38,112,"B.Sc.","Q13",1
80,"M",NA,123,"bachelors","Q13",4
81,"M",38,124,"MSc","Q13",3
82,"F",45,130,"bachelors","Q13",2
83,"M",25,121,"M.Sc","Q13",2
84,NA,38,102,"Grad","Q13",5
85,"F",23,88,"doctorate","Q13",4
86,"M",27,119,"bachelors","Q13",3
87,"F",27,86,"Grad school","Q13",2
88,"F",25,129,"MSc","Q13",1
89,"F",29,107,"BS","Q13",4
90,"F",40,80,"phd","Q13",5
91,"O",34,105,"Bsc","Q13",1
92,"M",23,126,"undergrad","Q13",3
93,"M",35,91,"phd","Q13",5
94,"F",37,117,"BA","Q13",1
95,"F",28,110,"Grad","Q13",3
96,"M",38,120,"high school","Q13",1
97,"M",19,123,"MA","Q13",1
98,"F",42,86,"Masters","Q13",4
99,"F",21,96,"bachelors","Q13",5
100,"F",44,120,"B.Sc.","Q13",5
1,"F",31,127,"BA","Q14",1
2,"M",25,103,"high school","Q14",4
3,"M",36,119,"Masters","Q14",4
4,"F",34,115,"Grad school","Q14",4
5,"M",19,111,"Grad","Q14",3
6,"M",27,80,"phd","Q14",2
7,"F",25,103,"undergrad","Q14",5
8,NA,42,114,"high school","Q14",2
9,"M",44,107,"M.Sc","Q14",3
10,"M",27,82,"bachelors","Q14",3
11,"M",32,80,"MSc","Q14",3
12,"M",29,128,"BS","Q14",1
13,"O",20,113,"MSc","Q14",1
14,"F",42,110,"high school","Q14",4
15,"F",37,115,"high school","Q14",2
16,"F",19,120,"phd","Q14",4
17,"F",26,122,"Masters","Q14",2
18,"O",41,90,"MA","Q14",5
19,"M",39,92,"Grad school","Q14",3
20,"M",36,83,"Bsc","Q14",4
21,"F",23,83,"M.Sc","Q14",1
22,"M",24,115,"M.Sc","Q14",4
23,"M",28,89,"MA","Q14",2
24,"M",31,103,"phd","Q14",3
25,"F",31,129,"Bsc","Q14",4
26,"F",37,125,"Grad","Q14",1
27,"F",34,NA,"M.Sc","Q14",2
28,"M",20,116,"M.Sc","Q14",1
29,"M",21,121,"bachelors","Q14",5
30,"O",28,112,"M.Sc","Q14",3
31,"F",28,128,"MA","Q14",2
32,"F",NA,120,"BS","Q14",3
33,"M",38,NA,"BS","Q14",4
34,"M",NA,124,"undergrad","Q14",1
35,"M",NA,87,"undergrad","Q14",3
36,NA,27,115,"bachelors","Q14",5
37,"F",29,122,"high school","Q14",1
38,"M",39,129,"Masters","Q14",1
39,"M",43,82,"undergrad","Q14",5
40,"M",22,86,"bachelors","Q14",3
41,NA,41,101,"Grad school","Q14",4
42,"M",37,113,"doctorate","Q14",5
43,"F",35,87,"BS","Q14",1
44,"M",18,94,"MA","Q14",5
45,"F",28,104,"BA","Q14",3
46,"M",42,91,"Grad","Q14",5
47,"M",45,127,"BA","Q14",1
48,"M",23,127,"BS","Q14",4
49,"M",27,101,"Grad","Q14",5
50,"M",42,89,"MSc","Q14",3
51,"M",23,108,"bachelors","Q14",5
52,"F",37,123,"BA","Q14",3
53,"M",38,80,"B.Sc.","Q14",5
54,"F",27,114,"Masters","Q14",5
55,"M",32,87,"Grad school","Q14",2
56,"F",27,104,"Grad","Q14",4
57,"M",27,104,"BS","Q14",1
58,"F",32,80,"MSc","Q14",5
59,"F",30,103,"Grad school","Q14",3
60,"M",33,105,"phd","Q14",3
61,"F",34,86,"MA","Q14",3
62,"F",42,98,"doctorate","Q14",2
63,"F",36,87,"B.Sc.","Q14",1
64,"F",39,120,"MSc","Q14",1
65,"F",42,117,"bachelors","Q14",2
66,"M",40,111,"phd","Q14",5
67,NA,35,113,"Bsc","Q14",5
68,"F",27,104,"high school","Q14",2
69,"M",35,112,"B.Sc.","Q14",4
70,NA,38,102,"MA","Q14",3
71,"O",41,92,"Grad school","Q14",2
72,"F",20,117,"M.Sc","Q14",1
73,"F",20,89,"bachelors","Q14",1
74,"M",44,103,"Bsc","Q14",1
75,"M",NA,114,"BS","Q14",2
76,"M",43,126,"BA","Q14",1
77,"F",43,121,"Grad school","Q14",2
78,"F",42,126,"MSc","Q14",5
79,"M",38,112,"B.Sc.","Q14",4
80,"M",NA,123,"bachelors","Q14",5
81,"M",38,124,"MSc","Q14",5
82,"F",45,130,"bachelors","Q14",4
83,"M",25,121,"M.Sc","Q14",5
84,NA,38,102,"Grad","Q14",1
85,"F",23,88,"doctorate","Q14",3
86,"M",27,119,"bachelors","Q14",1
87,"F",27,86,"Grad school","Q14",4
88,"F",25,129,"MSc","Q14",5
89,"F",29,107,"BS","Q14",5
90,"F",40,80,"phd","Q14",2
91,"O",34,105,"Bsc","Q14",4
92,"M",23,126,"undergrad","Q14",3
93,"M",35,91,"phd","Q14",5
94,"F",37,117,"BA","Q14",2
95,"F",28,110,"Grad","Q14",4
96,"M",38,120,"high school","Q14",3
97,"M",19,123,"MA","Q14",1
98,"F",42,86,"Masters","Q14",2
99,"F",21,96,"bachelors","Q14",2
100,"F",44,120,"B.Sc.","Q14",5
1,"F",31,127,"BA","Q15",3
2,"M",25,103,"high school","Q15",5
3,"M",36,119,"Masters","Q15",5
4,"F",34,115,"Grad school","Q15",5
5,"M",19,111,"Grad","Q15",2
6,"M",27,80,"phd","Q15",3
7,"F",25,103,"undergrad","Q15",4
8,NA,42,114,"high school","Q15",2
9,"M",44,107,"M.Sc","Q15",1
10,"M",27,82,"bachelors","Q15",4
11,"M",32,80,"MSc","Q15",3
12,"M",29,128,"BS","Q15",4
13,"O",20,113,"MSc","Q15",3
14,"F",42,110,"high school","Q15",2
15,"F",37,115,"high school","Q15",2
16,"F",19,120,"phd","Q15",5
17,"F",26,122,"Masters","Q15",2
18,"O",41,90,"MA","Q15",2
19,"M",39,92,"Grad school","Q15",4
20,"M",36,83,"Bsc","Q15",2
21,"F",23,83,"M.Sc","Q15",1
22,"M",24,115,"M.Sc","Q15",3
23,"M",28,89,"MA","Q15",2
24,"M",31,103,"phd","Q15",3
25,"F",31,129,"Bsc","Q15",3
26,"F",37,125,"Grad","Q15",3
27,"F",34,NA,"M.Sc","Q15",2
28,"M",20,116,"M.Sc","Q15",1
29,"M",21,121,"bachelors","Q15",2
30,"O",28,112,"M.Sc","Q15",1
31,"F",28,128,"MA","Q15",2
32,"F",NA,120,"BS","Q15",3
33,"M",38,NA,"BS","Q15",4
34,"M",NA,124,"undergrad","Q15",2
35,"M",NA,87,"undergrad","Q15",5
36,NA,27,115,"bachelors","Q15",2
37,"F",29,122,"high school","Q15",3
38,"M",39,129,"Masters","Q15",2
39,"M",43,82,"undergrad","Q15",1
40,"M",22,86,"bachelors","Q15",5
41,NA,41,101,"Grad school","Q15",2
42,"M",37,113,"doctorate","Q15",2
43,"F",35,87,"BS","Q15",4
44,"M",18,94,"MA","Q15",1
45,"F",28,104,"BA","Q15",1
46,"M",42,91,"Grad","Q15",2
47,"M",45,127,"BA","Q15",4
48,"M",23,127,"BS","Q15",2
49,"M",27,101,"Grad","Q15",4
50,"M",42,89,"MSc","Q15",3
51,"M",23,108,"bachelors","Q15",2
52,"F",37,123,"BA","Q15",2
53,"M",38,80,"B.Sc.","Q15",5
54,"F",27,114,"Masters","Q15",1
55,"M",32,87,"Grad school","Q15",3
56,"F",27,104,"Grad","Q15",1
57,"M",27,104,"BS","Q15",4
58,"F",32,80,"MSc","Q15",3
59,"F",30,103,"Grad school","Q15",3
60,"M",33,105,"phd","Q15",3
61,"F",34,86,"MA","Q15",1
62,"F",42,98,"doctorate","Q15",4
63,"F",36,87,"B.Sc.","Q15",2
64,"F",39,120,"MSc","Q15",1
65,"F",42,117,"bachelors","Q15",3
66,"M",40,111,"phd","Q15",1
67,NA,35,113,"Bsc","Q15",3
68,"F",27,104,"high school","Q15",1
69,"M",35,112,"B.Sc.","Q15",4
70,NA,38,102,"MA","Q15",2
71,"O",41,92,"Grad school","Q15",5
72,"F",20,117,"M.Sc","Q15",4
73,"F",20,89,"bachelors","Q15",5
74,"M",44,103,"Bsc","Q15",1
75,"M",NA,114,"BS","Q15",1
76,"M",43,126,"BA","Q15",4
77,"F",43,121,"Grad school","Q15",4
78,"F",42,126,"MSc","Q15",4
79,"M",38,112,"B.Sc.","Q15",2
80,"M",NA,123,"bachelors","Q15",3
81,"M",38,124,"MSc","Q15",1
82,"F",45,130,"bachelors","Q15",1
83,"M",25,121,"M.Sc","Q15",2
84,NA,38,102,"Grad","Q15",2
85,"F",23,88,"doctorate","Q15",5
86,"M",27,119,"bachelors","Q15",4
87,"F",27,86,"Grad school","Q15",5
88,"F",25,129,"MSc","Q15",2
89,"F",29,107,"BS","Q15",1
90,"F",40,80,"phd","Q15",2
91,"O",34,105,"Bsc","Q15",1
92,"M",23,126,"undergrad","Q15",4
93,"M",35,91,"phd","Q15",1
94,"F",37,117,"BA","Q15",5
95,"F",28,110,"Grad","Q15",2
96,"M",38,120,"high school","Q15",2
97,"M",19,123,"MA","Q15",3
98,"F",42,86,"Masters","Q15",2
99,"F",21,96,"bachelors","Q15",1
100,"F",44,120,"B.Sc.","Q15",4
1,"F",31,127,"BA","Q16",2
2,"M",25,103,"high school","Q16",2
3,"M",36,119,"Masters","Q16",5
4,"F",34,115,"Grad school","Q16",1
5,"M",19,111,"Grad","Q16",2
6,"M",27,80,"phd","Q16",4
7,"F",25,103,"undergrad","Q16",2
8,NA,42,114,"high school","Q16",1
9,"M",44,107,"M.Sc","Q16",2
10,"M",27,82,"bachelors","Q16",4
11,"M",32,80,"MSc","Q16",4
12,"M",29,128,"BS","Q16",4
13,"O",20,113,"MSc","Q16",3
14,"F",42,110,"high school","Q16",3
15,"F",37,115,"high school","Q16",4
16,"F",19,120,"phd","Q16",3
17,"F",26,122,"Masters","Q16",5
18,"O",41,90,"MA","Q16",1
19,"M",39,92,"Grad school","Q16",5
20,"M",36,83,"Bsc","Q16",4
21,"F",23,83,"M.Sc","Q16",3
22,"M",24,115,"M.Sc","Q16",2
23,"M",28,89,"MA","Q16",4
24,"M",31,103,"phd","Q16",4
25,"F",31,129,"Bsc","Q16",5
26,"F",37,125,"Grad","Q16",5
27,"F",34,NA,"M.Sc","Q16",5
28,"M",20,116,"M.Sc","Q16",5
29,"M",21,121,"bachelors","Q16",5
30,"O",28,112,"M.Sc","Q16",5
31,"F",28,128,"MA","Q16",2
32,"F",NA,120,"BS","Q16",5
33,"M",38,NA,"BS","Q16",5
34,"M",NA,124,"undergrad","Q16",3
35,"M",NA,87,"undergrad","Q16",4
36,NA,27,115,"bachelors","Q16",2
37,"F",29,122,"high school","Q16",4
38,"M",39,129,"Masters","Q16",3
39,"M",43,82,"undergrad","Q16",3
40,"M",22,86,"bachelors","Q16",2
41,NA,41,101,"Grad school","Q16",2
42,"M",37,113,"doctorate","Q16",3
43,"F",35,87,"BS","Q16",4
44,"M",18,94,"MA","Q16",2
45,"F",28,104,"BA","Q16",3
46,"M",42,91,"Grad","Q16",5
47,"M",45,127,"BA","Q16",3
48,"M",23,127,"BS","Q16",1
49,"M",27,101,"Grad","Q16",2
50,"M",42,89,"MSc","Q16",4
51,"M",23,108,"bachelors","Q16",5
52,"F",37,123,"BA","Q16",3
53,"M",38,80,"B.Sc.","Q16",2
54,"F",27,114,"Masters","Q16",2
55,"M",32,87,"Grad school","Q16",4
56,"F",27,104,"Grad","Q16",4
57,"M",27,104,"BS","Q16",4
58,"F",32,80,"MSc","Q16",3
59,"F",30,103,"Grad school","Q16",2
60,"M",33,105,"phd","Q16",4
61,"F",34,86,"MA","Q16",4
62,"F",42,98,"doctorate","Q16",5
63,"F",36,87,"B.Sc.","Q16",4
64,"F",39,120,"MSc","Q16",5
65,"F",42,117,"bachelors","Q16",1
66,"M",40,111,"phd","Q16",1
67,NA,35,113,"Bsc","Q16",3
68,"F",27,104,"high school","Q16",2
69,"M",35,112,"B.Sc.","Q16",3
70,NA,38,102,"MA","Q16",5
71,"O",41,92,"Grad school","Q16",4
72,"F",20,117,"M.Sc","Q16",3
73,"F",20,89,"bachelors","Q16",2
74,"M",44,103,"Bsc","Q16",1
75,"M",NA,114,"BS","Q16",3
76,"M",43,126,"BA","Q16",3
77,"F",43,121,"Grad school","Q16",3
78,"F",42,126,"MSc","Q16",2
79,"M",38,112,"B.Sc.","Q16",3
80,"M",NA,123,"bachelors","Q16",2
81,"M",38,124,"MSc","Q16",3
82,"F",45,130,"bachelors","Q16",2
83,"M",25,121,"M.Sc","Q16",3
84,NA,38,102,"Grad","Q16",2
85,"F",23,88,"doctorate","Q16",3
86,"M",27,119,"bachelors","Q16",2
87,"F",27,86,"Grad school","Q16",5
88,"F",25,129,"MSc","Q16",5
89,"F",29,107,"BS","Q16",3
90,"F",40,80,"phd","Q16",5
91,"O",34,105,"Bsc","Q16",1
92,"M",23,126,"undergrad","Q16",3
93,"M",35,91,"phd","Q16",1
94,"F",37,117,"BA","Q16",2
95,"F",28,110,"Grad","Q16",4
96,"M",38,120,"high school","Q16",1
97,"M",19,123,"MA","Q16",2
98,"F",42,86,"Masters","Q16",4
99,"F",21,96,"bachelors","Q16",4
100,"F",44,120,"B.Sc.","Q16",1
1,"F",31,127,"BA","Q17",2
2,"M",25,103,"high school","Q17",4
3,"M",36,119,"Masters","Q17",2
4,"F",34,115,"Grad school","Q17",1
5,"M",19,111,"Grad","Q17",3
6,"M",27,80,"phd","Q17",5
7,"F",25,103,"undergrad","Q17",1
8,NA,42,114,"high school","Q17",4
9,"M",44,107,"M.Sc","Q17",1
10,"M",27,82,"bachelors","Q17",1
11,"M",32,80,"MSc","Q17",3
12,"M",29,128,"BS","Q17",3
13,"O",20,113,"MSc","Q17",4
14,"F",42,110,"high school","Q17",5
15,"F",37,115,"high school","Q17",2
16,"F",19,120,"phd","Q17",4
17,"F",26,122,"Masters","Q17",5
18,"O",41,90,"MA","Q17",1
19,"M",39,92,"Grad school","Q17",3
20,"M",36,83,"Bsc","Q17",2
21,"F",23,83,"M.Sc","Q17",1
22,"M",24,115,"M.Sc","Q17",2
23,"M",28,89,"MA","Q17",4
24,"M",31,103,"phd","Q17",1
25,"F",31,129,"Bsc","Q17",4
26,"F",37,125,"Grad","Q17",5
27,"F",34,NA,"M.Sc","Q17",5
28,"M",20,116,"M.Sc","Q17",2
29,"M",21,121,"bachelors","Q17",5
30,"O",28,112,"M.Sc","Q17",1
31,"F",28,128,"MA","Q17",5
32,"F",NA,120,"BS","Q17",3
33,"M",38,NA,"BS","Q17",3
34,"M",NA,124,"undergrad","Q17",2
35,"M",NA,87,"undergrad","Q17",1
36,NA,27,115,"bachelors","Q17",2
37,"F",29,122,"high school","Q17",1
38,"M",39,129,"Masters","Q17",1
39,"M",43,82,"undergrad","Q17",1
40,"M",22,86,"bachelors","Q17",2
41,NA,41,101,"Grad school","Q17",5
42,"M",37,113,"doctorate","Q17",4
43,"F",35,87,"BS","Q17",5
44,"M",18,94,"MA","Q17",1
45,"F",28,104,"BA","Q17",3
46,"M",42,91,"Grad","Q17",2
47,"M",45,127,"BA","Q17",3
48,"M",23,127,"BS","Q17",5
49,"M",27,101,"Grad","Q17",4
50,"M",42,89,"MSc","Q17",3
51,"M",23,108,"bachelors","Q17",1
52,"F",37,123,"BA","Q17",1
53,"M",38,80,"B.Sc.","Q17",2
54,"F",27,114,"Masters","Q17",2
55,"M",32,87,"Grad school","Q17",4
56,"F",27,104,"Grad","Q17",5
57,"M",27,104,"BS","Q17",3
58,"F",32,80,"MSc","Q17",5
59,"F",30,103,"Grad school","Q17",2
60,"M",33,105,"phd","Q17",1
61,"F",34,86,"MA","Q17",2
62,"F",42,98,"doctorate","Q17",4
63,"F",36,87,"B.Sc.","Q17",3
64,"F",39,120,"MSc","Q17",2
65,"F",42,117,"bachelors","Q17",4
66,"M",40,111,"phd","Q17",5
67,NA,35,113,"Bsc","Q17",4
68,"F",27,104,"high school","Q17",4
69,"M",35,112,"B.Sc.","Q17",2
70,NA,38,102,"MA","Q17",4
71,"O",41,92,"Grad school","Q17",4
72,"F",20,117,"M.Sc","Q17",3
73,"F",20,89,"bachelors","Q17",2
74,"M",44,103,"Bsc","Q17",5
75,"M",NA,114,"BS","Q17",4
76,"M",43,126,"BA","Q17",5
77,"F",43,121,"Grad school","Q17",4
78,"F",42,126,"MSc","Q17",5
79,"M",38,112,"B.Sc.","Q17",3
80,"M",NA,123,"bachelors","Q17",1
81,"M",38,124,"MSc","Q17",4
82,"F",45,130,"bachelors","Q17",4
83,"M",25,121,"M.Sc","Q17",4
84,NA,38,102,"Grad","Q17",5
85,"F",23,88,"doctorate","Q17",2
86,"M",27,119,"bachelors","Q17",5
87,"F",27,86,"Grad school","Q17",2
88,"F",25,129,"MSc","Q17",3
89,"F",29,107,"BS","Q17",2
90,"F",40,80,"phd","Q17",3
91,"O",34,105,"Bsc","Q17",1
92,"M",23,126,"undergrad","Q17",4
93,"M",35,91,"phd","Q17",2
94,"F",37,117,"BA","Q17",5
95,"F",28,110,"Grad","Q17",3
96,"M",38,120,"high school","Q17",3
97,"M",19,123,"MA","Q17",3
98,"F",42,86,"Masters","Q17",1
99,"F",21,96,"bachelors","Q17",5
100,"F",44,120,"B.Sc.","Q17",5
1,"F",31,127,"BA","Q18",3
2,"M",25,103,"high school","Q18",5
3,"M",36,119,"Masters","Q18",1
4,"F",34,115,"Grad school","Q18",5
5,"M",19,111,"Grad","Q18",2
6,"M",27,80,"phd","Q18",2
7,"F",25,103,"undergrad","Q18",2
8,NA,42,114,"high school","Q18",2
9,"M",44,107,"M.Sc","Q18",3
10,"M",27,82,"bachelors","Q18",4
11,"M",32,80,"MSc","Q18",2
12,"M",29,128,"BS","Q18",1
13,"O",20,113,"MSc","Q18",5
14,"F",42,110,"high school","Q18",1
15,"F",37,115,"high school","Q18",3
16,"F",19,120,"phd","Q18",1
17,"F",26,122,"Masters","Q18",3
18,"O",41,90,"MA","Q18",3
19,"M",39,92,"Grad school","Q18",4
20,"M",36,83,"Bsc","Q18",5
21,"F",23,83,"M.Sc","Q18",3
22,"M",24,115,"M.Sc","Q18",1
23,"M",28,89,"MA","Q18",2
24,"M",31,103,"phd","Q18",1
25,"F",31,129,"Bsc","Q18",5
26,"F",37,125,"Grad","Q18",4
27,"F",34,NA,"M.Sc","Q18",4
28,"M",20,116,"M.Sc","Q18",1
29,"M",21,121,"bachelors","Q18",5
30,"O",28,112,"M.Sc","Q18",5
31,"F",28,128,"MA","Q18",2
32,"F",NA,120,"BS","Q18",3
33,"M",38,NA,"BS","Q18",4
34,"M",NA,124,"undergrad","Q18",3
35,"M",NA,87,"undergrad","Q18",2
36,NA,27,115,"bachelors","Q18",2
37,"F",29,122,"high school","Q18",5
38,"M",39,129,"Masters","Q18",1
39,"M",43,82,"undergrad","Q18",3
40,"M",22,86,"bachelors","Q18",1
41,NA,41,101,"Grad school","Q18",1
42,"M",37,113,"doctorate","Q18",5
43,"F",35,87,"BS","Q18",2
44,"M",18,94,"MA","Q18",2
45,"F",28,104,"BA","Q18",3
46,"M",42,91,"Grad","Q18",5
47,"M",45,127,"BA","Q18",3
48,"M",23,127,"BS","Q18",5
49,"M",27,101,"Grad","Q18",4
50,"M",42,89,"MSc","Q18",4
51,"M",23,108,"bachelors","Q18",2
52,"F",37,123,"BA","Q18",5
53,"M",38,80,"B.Sc.","Q18",4
54,"F",27,114,"Masters","Q18",2
55,"M",32,87,"Grad school","Q18",2
56,"F",27,104,"Grad","Q18",4
57,"M",27,104,"BS","Q18",2
58,"F",32,80,"MSc","Q18",1
59,"F",30,103,"Grad school","Q18",3
60,"M",33,105,"phd","Q18",1
61,"F",34,86,"MA","Q18",4
62,"F",42,98,"doctorate","Q18",3
63,"F",36,87,"B.Sc.","Q18",4
64,"F",39,120,"MSc","Q18",2
65,"F",42,117,"bachelors","Q18",5
66,"M",40,111,"phd","Q18",2
67,NA,35,113,"Bsc","Q18",5
68,"F",27,104,"high school","Q18",2
69,"M",35,112,"B.Sc.","Q18",4
70,NA,38,102,"MA","Q18",5
71,"O",41,92,"Grad school","Q18",3
72,"F",20,117,"M.Sc","Q18",2
73,"F",20,89,"bachelors","Q18",4
74,"M",44,103,"Bsc","Q18",3
75,"M",NA,114,"BS","Q18",1
76,"M",43,126,"BA","Q18",3
77,"F",43,121,"Grad school","Q18",2
78,"F",42,126,"MSc","Q18",2
79,"M",38,112,"B.Sc.","Q18",5
80,"M",NA,123,"bachelors","Q18",2
81,"M",38,124,"MSc","Q18",4
82,"F",45,130,"bachelors","Q18",1
83,"M",25,121,"M.Sc","Q18",2
84,NA,38,102,"Grad","Q18",2
85,"F",23,88,"doctorate","Q18",3
86,"M",27,119,"bachelors","Q18",3
87,"F",27,86,"Grad school","Q18",2
88,"F",25,129,"MSc","Q18",1
89,"F",29,107,"BS","Q18",2
90,"F",40,80,"phd","Q18",1
91,"O",34,105,"Bsc","Q18",5
92,"M",23,126,"undergrad","Q18",2
93,"M",35,91,"phd","Q18",4
94,"F",37,117,"BA","Q18",1
95,"F",28,110,"Grad","Q18",3
96,"M",38,120,"high school","Q18",1
97,"M",19,123,"MA","Q18",5
98,"F",42,86,"Masters","Q18",5
99,"F",21,96,"bachelors","Q18",3
100,"F",44,120,"B.Sc.","Q18",4
